"name","left geod","right geod","ortho"
"m026(,)",0.39709+1.53542j,0.79418+3.07085j,0.93726-1.87794j
"m034(,)",0.55778-1.42316j,0.77749+2.92493j,0.8254+2.35194j
